Muzika;Mušamieji
Muzika;Klavišiniai
Muzika;Styginiai
Muzika;Pučiamieji
Muzika;Dainavimas
Muzika;Kiti muzikos užsiėmimai
Šokiai;Baletas
Šokiai;Šiuolaikiniai
Šokiai;Pramoginiai
Šokiai;Kiti šokių užsiėmimai
Technologijos;Technologijų užsiėmimai
Dailė;Piešimas
Dailė;Tapyba
Dailė;Keramika
Dailė;Kiti dailės užsiėmimai
Sportas;Plaukimas
Sportas;Krepšinis
Sportas;Futbolas
Sportas;Tenisas
Sportas;Kovos menai
Sportas;Kiti sporto užsiėmimai
Kalbos;Anglų
Kalbos;Rusų
Kalbos;Vokiečių
Kalbos;Ispanų
Kalbos;Kiti kalbų užsiėmimai
Kiti;Kiti užsiėmimai
